Inner Track (x),Inner Track (y),Outer Track (x),Outer Track (y),Mid Track (x),Mid track (y)
11.96,-44.4179963528298,13,-48.2804308182932,12.48,-46.3492135855615
11.4142674511252,-44.5613565609731,12.4068124468752,-48.4362571314925,11.9105399490002,-46.4988068462328
10.8668174964433,-44.6980120083544,11.8117581483079,-48.5847956612548,11.3392878223756,-46.6414038348046
10.3177325059998,-44.8279421336139,11.2149266369563,-48.726024058276,10.766329571478,-46.7769830959449
9.76709509585011,-44.9511273872928,10.6164077128805,-48.8599210731443,10.1917514043653,-46.9055242302185
9.2149881156287,-45.0675492347745,10.0162914300312,-48.9864665595375,9.61563977282995,-47.027007897156
8.66149463608346,-45.1771901590736,9.41466808269941,-49.1056414772539,9.03808135939143,-47.1414158181638
8.10669793657683,-45.2800336634714,8.81162819193134,-49.2174278950776,8.45916306425409,-47.2487307792745
7.55068149255546,-45.3760642739978,8.2072624919081,-49.3218089934759,7.87897199223178,-47.3489366337368
6.99352896299033,-45.46526754176,7.60166191629384,-49.4187690671304,7.29759543964209,-47.4420183044452
6.43532417778944,-45.5476300451161,6.99491758455373,-49.5082935273001,6.71512088117158,-47.5279617862081
5.87615112518447,-45.6231393916946,6.38712078824399,-49.5903689040158,6.13163595671423,-47.6067541478552
5.31609393909399,-45.6917842202592,5.77836297727608,-49.6649828481078,5.54722845818503,-47.6783835341835
4.7552368864644,-45.7535542024181,5.16873574615696,-49.7321241330631,4.96198631631068,-47.7428391677406
4.19366435459109,-45.8084400441778,4.55833082020771,-49.791782656715,4.3759975873994,-47.8001113504464
3.63146083842144,-45.8564334873419,3.94724004176244,-49.8439494427629,3.78935044009194,-47.8501914650524
3.06871092784154,-45.8975273107533,3.3355553563495,-49.8886166421232,3.20213314209552,-47.8930719764382
2.50549929494869,-45.9317153313809,2.72336879885728,-49.9257775341097,2.61443404690298,-47.9287464327453
1.94191068131157,-45.9589924052498,2.11077247968648,-49.9554265274454,2.02634158049903,-47.9572094663476
1.37802988521987,-45.9793544282153,1.49785857089116,-49.9775591611036,1.43794422805551,-47.9784567946594
0.813941748925423,-45.9927983365804,0.884719292310242,-49.9921721049787,0.849330520617833,-47.9924852207796
0.24973114587679,-45.999322107557,0.271446897692163,-49.999263160388,0.260589021784476,-47.9992926339725
-0.314517032051003,-45.9989247595696,-0.341866339185873,-49.9988312604018,-0.328191685618438,-47.9988780099857
-0.878717887329357,-45.991606352404,-0.955128138401475,-49.9908764700043,-0.916923012865416,-47.9912414112042
-1.44278652954987,-45.9773679871972,-1.5682462277716,-49.975399986084,-1.50551637866074,-47.9763839866406
-2.00663808819714,-45.9562118062727,-2.18112835673602,-49.9524041372529,-2.09388322246658,-47.9543079717628
-2.5701877254184,-45.9281409928173,-2.79368231023739,-49.9218923834971,-2.6819350178279,-47.9250166881572
-3.13335064878841,-45.893159770403,-3.4058159225961,-49.8838693156554,-3.26958328569226,-47.8885145430292
-3.69604212406741,-45.8512734023508,-4.01743709137762,-49.8383406547291,-3.85673960772252,-47.8448070285399
-4.25817748795033,-45.8024881909391,-4.62845379125036,-49.7853132510207,-4.44331563960035,-47.7939007209799
-4.81967216080536,-45.7468114764555,-5.23877408783191,-49.7247950831038,-5.02922312431863,-47.7358032797796
-5.3804416593999,-45.6842516360922,-5.84830615152164,-49.656795256622,-5.61437390546077,-47.6705234463571
-5.94040160961208,-45.6148180826858,-6.45695827131748,-49.5813240029193,-6.19867994046478,-47.5980710428026
-6.49946775912569,-45.5385212633007,-7.06463886861488,-49.4983926775007,-6.78205331387028,-47.5184569704007
-7.057555990107,-45.4553726576574,-7.67125651098587,-49.4080137583232,-7.36440625054643,-47.4316932079903
-7.61458233186116,-45.3653847764053,-8.27671992593604,-49.3102008439188,-7.9456511288986,-47.3377928101621
-8.17046297346662,-45.2685711592404,-8.88093801463763,-49.2049686513483,-8.52570049405212,-47.2367699052943
-8.72511427638539,-45.1649463728677,-9.48381986563629,-49.0923330139866,-9.10446707101084,-47.1286396934272
-9.27845278704736,-45.05452600881,-10.0852747685297,-48.9723108791413,-9.68186377778855,-47.0134184439756
-9.83039524940695,-44.9373266810614,-10.6852122276162,-48.8449203055016,-10.2578037385116,-46.8911234932815
-10.3808586174698,-44.8133660235884,-11.2835419755106,-48.7101804604221,-10.8322002964902,-46.7617732420052
-10.9297600677881,-44.6826626876755,-11.8801739867262,-48.5681116170386,-11.4049670272571,-46.625387152357
-11.4770170119221,-44.5452363391199,-12.4750184912197,-48.4187351512173,-11.9760177515709,-46.4819857451686
-12.0225471088669,-44.4011076552722,-13.0679859878988,-48.2620735383394,-12.5452665483829,-46.3315905968058
-12.5662682774411,-44.2502983219252,-13.6589872580882,-48.0981503499187,-13.1126277677646,-46.174224335922
-13.1080987086371,-44.092831030051,-14.2479333789534,-47.9269902500554,-13.6780160437953,-46.0099106400532
-13.6479568779302,-43.9287294723869,-14.8347357368807,-47.7486189917249,-14.2413463074055,-45.8386742320559
-14.1857615575448,-43.758018339871,-15.4193060408096,-47.5630634129032,-14.8025337991772,-45.6605408763871
-14.7214318286762,-43.5807233179262,-16.0015563355176,-47.3703514325285,-15.3614940820969,-45.4755373752274
-15.2548870936653,-43.3968710825968,-16.5813990148536,-47.1705120463008,-15.9181430542594,-45.2836915644488
-15.7860470881261,-43.2064892965335,-17.1587468349197,-46.963575322319,-16.4723969615229,-45.0850323094263
-16.314831893022,-43.0096066048323,-17.7335129271978,-46.7495723965568,-17.0241724101099,-44.8795895006946
-16.8411619466903,-42.8062526307238,-18.3056108116199,-46.5285354681781,-17.5733863791551,-44.6673940494509
-17.3649580568138,-42.5964579711165,-18.8749544095803,-46.3004977946919,-18.119956233197,-44.4484778829042
-17.8861414123356,-42.3802541919929,-19.4414580568865,-46.0654936869488,-18.6637997346111,-44.2228739394709
-18.4046335953173,-42.1576738236601,-20.0050365166492,-45.8235585039784,-19.2048350559832,-43.9906161638193
-18.9203565927379,-41.9287503558553,-20.5656049921064,-45.5747286476689,-19.7429807924221,-43.7517395017621
-19.4332328082318,-41.6935182327069,-21.1230791393824,-45.3190415572901,-20.2781559738071,-43.5062798949985
-19.9431850737639,-41.4520128475518,-21.6773750801782,-45.0565357038607,-20.810280076971,-43.2542742757062
-20.4501366612406,-41.2042705376103,-22.2284094143919,-44.7872505843591,-21.3392730378163,-42.9957605609847
-20.9540112940542,-40.9503285785188,-22.7760992326676,-44.5112267157813,-21.8650552633609,-42.73077764715
-21.4547331585596,-40.6902251787208,-23.3203621288691,-44.2285056290443,-22.3875476437143,-42.4593654038826
-21.9522269154816,-40.4239994737187,-23.86111621248,-43.9391298627377,-22.9066715639808,-42.1815646682282
-22.4464177112502,-40.1516915201847,-24.3982801209241,-43.6431429567225,-23.4223489160872,-41.8974172384536
-22.9372311892634,-39.8733422899346,-24.931773031808,-43.340589445581,-23.9345021105357,-41.6069658677578
-23.4245935010748,-39.5889936637622,-25.4615146750813,-43.0315148519154,-24.443054088078,-41.3102542578388
-23.9084313175051,-39.2986884251388,-25.9874253451143,-42.7159656794987,-24.9479283313097,-41.0073270523188
-24.3886718396754,-39.0024702537753,-26.5094259126906,-42.3939894062775,-25.449048876183,-40.6982298300264
-24.86524280996,-38.7003837190503,-27.0274378369131,-42.0656344772286,-25.9463403234366,-40.3830090981394
-25.3380725228594,-38.3924742733041,-27.5413831770211,-41.7309502970697,-26.4397278499403,-40.0617122851869
-25.8070898357884,-38.078788245,-28.0511846041178,-41.3899872228261,-26.9291372199531,-39.734387733913
-26.2722241797803,-37.7593728317535,-28.5567654128047,-41.0427965562538,-27.4144947962925,-39.4010846940037
-26.7334055701056,-37.434276093231,-29.0580495327234,-40.6894305361207,-27.8957275514145,-39.0618533146759
-27.1905646168009,-37.1035469439187,-29.554961540001,-40.3299423303464,-28.3727630784009,-38.7167446371325
-27.6436325351103,-36.7672351457625,-30.0474266685981,-39.9643860280027,-28.8455296018542,-38.3658105868826
-28.0925411558344,-36.4253913006813,-30.5353708215591,-39.5928166311754,-29.3139559886967,-38.0091039659284
-28.5372229355872,-36.0780668429532,-31.0187205821599,-39.2152900466883,-29.7779717588735,-37.6466784448207
-28.9776109669588,-35.7253140314762,-31.4974032249552,-38.8318630776915,-30.237507095957,-37.2785885545839
-29.4136389885824,-35.3671859419059,-31.97134672672,-38.4425934151151,-30.6924928576512,-36.9048896785105
-29.845241395104,-35.0037364586693,-32.4404797772869,-38.0475396289883,-31.1428605861955,-36.5256380438288
-30.2723532470536,-34.6350202668571,-32.9047317902757,-37.6467611596273,-31.5885425186646,-36.1408907132422
-30.6949102806159,-34.2610928439964,-33.364032913713,-37.2403183086917,-32.0294715971644,-35.750705576344
-31.1128489172997,-33.8820104517026,-33.8183140405431,-36.8282722301115,-32.4655814789214,-35.3551413409071
-31.5261062735038,-33.4978301272149,-34.2675068190258,-36.4106849208858,-32.8968065462648,-34.9542575240503
-31.9346201699787,-33.108609674814,-34.7115436630203,-35.9876192117544,-33.3230819164995,-34.5481144432842
-32.3383291411822,-32.7144076571251,-35.1503577621546,-35.5591387577446,-33.7443434516684,-34.1367732074349
-32.7371724445276,-32.315283386306,-35.5838830918778,-35.1253080285935,-34.1605277682027,-33.7202957074498
-33.1310900695227,-31.9112969151236,-36.0120544233942,-34.6861922990473,-34.5715722464585,-33.2987446070855
-33.5200227467998,-31.5025090279175,-36.434807333478,-34.2418576390408,-34.9774150401389,-32.8721833334792
-33.9039119570327,-31.0889812314552,-36.852078214166,-33.7923709037557,-35.3779950855994,-32.4406760676054
-34.2826999397422,-30.6707757456768,-37.2638042823285,-33.3377997235618,-35.7732521110354,-32.0042877346193
-34.6563297019864,-30.247955494334,-37.6699235891157,-32.8782124938414,-36.1631266455511,-31.5630839940877
-35.0247450269362,-29.8205840955222,-38.0703750292785,-32.413678364698,-36.5475600281073,-31.1171312301101
-35.3878904823334,-29.3887258521082,-38.4650983503624,-31.9442672305524,-36.9264944163479,-30.6664965413303
-35.7457114288317,-28.9524457420558,-38.8540341617736,-31.4700497196259,-37.2998727953027,-30.2112477308409
-36.0981540282173,-28.5118094086485,-39.2371239437145,-30.9910971833136,-37.6676389859659,-29.7514532959811
-36.4451652515095,-28.066883150613,-39.6143100559886,-30.5074816854489,-38.0297376537491,-29.287182418031
-36.7866928869399,-27.6177339121436,-39.9855357466738,-30.0192759914605,-38.3861143168068,-28.8185049518021
-37.1226855478077,-27.1644292728301,-40.3507451606606,-29.526553557424,-38.7367153542342,-28.345491415127
-37.4530926802121,-26.7070374374891,-40.7098833480566,-29.0293885190099,-39.0814880141344,-27.8682129782495
-37.7778645706579,-26.2456272259024,-41.0628962724543,-28.5278556803287,-39.4203804215561,-27.3867414531155
-38.0969523535362,-25.7802680624619,-41.4097308190611,-28.0220305026759,-39.7533415862987,-26.9011492825689
-38.4103080184763,-25.3110299657239,-41.7503348026916,-27.5119890931782,-40.080321410584,-26.4115095294511
-38.7178844175695,-24.8379835378745,-42.0846569756191,-26.9978081933419,-40.4012706965943,-25.9178958656082
-39.0196352724633,-24.361199954106,-42.4126470352862,-26.4795651675066,-40.7161411538748,-25.4203825608063
-39.3155151813242,-23.8807509519083,-42.7342556318741,-25.9573379912047,-41.0248854065991,-24.9190444715565
-39.6054796256688,-23.396708820275,-43.049434375727,-25.4312052394293,-41.3274570006979,-24.4139570298521
-39.8894849770628,-22.9091463888266,-43.3581358446334,-24.9012460748115,-41.6238104108481,-23.905196231819
-40.1674885036844,-22.4181370168527,-43.6603135909613,-24.3675402357094,-41.9139010473229,-23.3928386262811
-40.4394483767548,-21.9237545822741,-43.9559221486465,-23.830168024211,-42.1976852627006,-22.8769613032426
-40.7053236768309,-21.4260734705272,-44.2449170400336,-23.2892102940513,-42.4751203584322,-22.3576418822892
-40.9650743999628,-20.9251685633715,-44.5272547825683,-22.7447484384472,-42.7461645912656,-21.8349585009093
-41.2186614637125,-20.4211152276231,-44.8028928953397,-22.1968643778512,-43.0107771795261,-21.3089898027371
-41.4660467130343,-19.9139893038149,-45.0717899054721,-21.6456405476249,-43.2689183092532,-20.7798149257199
-41.7071929260157,-19.4038670947856,-45.3339053543649,-21.0911598856365,-43.5205491401903,-20.247513490211
-41.942063819478,-18.8908253541986,-45.5891998037805,-20.5335058197811,-43.7656318116292,-19.7121655869898
-42.1706240544353,-18.3749412749942,-45.8376348417775,-19.9727622554285,-44.0041294481064,-19.1738517652114
-42.3928392414116,-17.8562924777746,-46.0791730884909,-19.4090135627985,-44.2360061649512,-18.6326530202866
-42.6086759456156,-17.3349569991252,-46.3137782017561,-18.8423445642665,-44.4612270736858,-18.0886507816959
-42.8181016919706,-16.8110132798729,-46.5414148825767,-18.272840521601,-44.6797582872737,-17.541926900737
-43.0210849700013,-16.2845401532842,-46.7620488804362,-17.700587123135,-44.8915669252188,-16.9925636382096
-43.2175952385748,-15.7556168332032,-46.9756469984509,-17.1256704708731,-45.0966211185128,-16.4406436520382
-43.4076029304955,-15.2243229021338,-47.1821770983647,-16.5481770675367,-45.2948900144301,-15.8862499848353
-43.5910794569544,-14.6907382992648,-47.3816081053852,-15.9681938035487,-45.4863437811698,-15.3294660514068
-43.7679972118301,-14.1549433084428,-47.5739100128589,-15.3858079439595,-45.6709536123445,-14.7703756262012
-43.9383295758428,-13.617018546092,-47.7590538867857,-14.8011071153174,-45.8486917313143,-14.2090628307047
-44.1020509205593,-13.0770449490852,-47.9370118701732,-14.2141792924839,-46.0195313953662,-13.6456121207845
-44.259136612249,-12.5351037625653,-48.1077571872272,-13.625112785397,-46.1834468997381,-13.0801082739811
-44.4095630155907,-11.9912765277214,-48.2712641473812,-13.0339962257841,-46.3404135814859,-12.5126363767527
-44.5533074972282,-11.44564506952,-48.4275081491611,-12.440918553826,-46.4904078231947,-11.943281811673
-44.6903484291765,-10.8982914843933,-48.5764656838875,-11.8459690047753,-46.633407056532,-11.3721302445843
-44.8206651920753,-10.3492981278872,-48.7181143392123,-11.2492370955296,-46.7693897656438,-10.7992676117084
-44.9442381782917,-9.7987476022696,-48.852432802491,-10.6508126111626,-46.8983354903914,-10.2247801067161
-45.0610487948705,-9.24672274410218,-48.9794008639897,-10.0507855914154,-47.0202248294301,-9.6487541677588
-45.1710794663315,-8.6933066117767,-49.0989994199256,-9.44924631714858,-47.1350394431286,-9.07127646446264
-45.2743136373141,-8.13858247301778,-49.2112104753414,-8.84628529675846,-47.2427620563278,-8.49243388488812
-45.3707357750681,-7.58263379235453,-49.3160171468131,-8.24199325255927,-47.3433764609406,-7.9123135224569
-45.4603313717908,-7.02554421856217,-49.41340366499,-7.63646110713279,-47.4368675183904,-7.33100266284748
-45.5430869468101,-6.46739757207624,-49.5033553769675,-7.02977996964808,-47.5232211618888,-6.74858877086216
-45.6189900486124,-5.90827783238085,-49.5858587484917,-6.42204112215309,-47.6024243985521,-6.16515947726697
-45.6880292567165,-5.34826912537298,-49.6609013659962,-5.8133360058402,-47.6744653113563,-5.58080256560659
-45.7501941833916,-4.78745571070485,-49.7284719384691,-5.20375620728788,-47.7393330609304,-4.99560595899636
-45.8054754752205,-4.22592196910602,-49.7885602991527,-4.59339344468045,-47.7970178871866,-4.40965770689323
-45.8538648145067,-3.66375238968738,-49.8411574070726,-3.98233955400803,-47.8475111107897,-3.82304597184771
-45.8953549205262,-3.10103155722892,-49.8862553483981,-3.37068647524882,-47.8908051344621,-3.23585901623887
-45.9299395506226,-2.53784413945276,-49.9238473376332,-2.75852623853561,-47.9268934441279,-2.64818518899418
-45.9576135011466,-1.97427487428418,-49.9539277186376,-2.14595095030889,-47.9557706098921,-2.06011291229653
-45.9783726082389,-1.41040855710165,-49.9764919654771,-1.53305277945832,-47.977432286858,-1.47173066827999
-45.9922137484568,-0.846330027978513,-49.9915366831053,-0.919923943454906,-47.991875215781,-0.883126985716709
-45.999134839244,-0.282124158917785,-49.999059607874,-0.306656694475853,-47.999097223559,-0.294390426696819
-45.999134839244,0.282124158917773,-49.999059607874,0.306656694475841,-47.999097223559,0.294390426696807
-45.9922137484568,0.846330027978502,-49.9915366831053,0.919923943454893,-47.991875215781,0.883126985716698
-45.9783726082389,1.41040855710164,-49.9764919654771,1.53305277945831,-47.977432286858,1.47173066827997
-45.9576135011466,1.97427487428419,-49.9539277186376,2.1459509503089,-47.9557706098921,2.06011291229654
-45.9299395506226,2.53784413945277,-49.9238473376332,2.75852623853562,-47.9268934441279,2.64818518899419
-45.8953549205262,3.10103155722893,-49.8862553483981,3.37068647524883,-47.8908051344621,3.23585901623888
-45.8538648145067,3.66375238968739,-49.8411574070726,3.98233955400804,-47.8475111107897,3.82304597184771
-45.8054754752205,4.225921969106,-49.7885602991527,4.59339344468044,-47.7970178871866,4.40965770689322
-45.7501941833916,4.78745571070484,-49.7284719384691,5.20375620728787,-47.7393330609304,4.99560595899635
-45.6880292567165,5.34826912537297,-49.6609013659962,5.81333600584019,-47.6744653113563,5.58080256560658
-45.6189900486124,5.90827783238083,-49.5858587484917,6.42204112215308,-47.6024243985521,6.16515947726696
-45.5430869468101,6.46739757207627,-49.5033553769675,7.02977996964812,-47.5232211618888,6.74858877086219
-45.4603313717908,7.0255442185622,-49.41340366499,7.63646110713282,-47.4368675183904,7.33100266284751
-45.3707357750681,7.58263379235456,-49.3160171468131,8.2419932525593,-47.3433764609406,7.91231352245693
-45.2743136373141,8.13858247301781,-49.2112104753414,8.84628529675849,-47.2427620563278,8.49243388488815
-45.1710794663315,8.69330661177671,-49.0989994199256,9.44924631714859,-47.1350394431286,9.07127646446265
-45.0610487948705,9.24672274410219,-48.9794008639897,10.0507855914154,-47.0202248294301,9.6487541677588
-44.9442381782917,9.79874760226959,-48.852432802491,10.6508126111626,-46.8983354903914,10.2247801067161
-44.8206651920753,10.3492981278872,-48.7181143392123,11.2492370955295,-46.7693897656438,10.7992676117084
-44.6903484291765,10.8982914843933,-48.5764656838875,11.8459690047753,-46.633407056532,11.3721302445843
-44.5533074972282,11.44564506952,-48.4275081491611,12.4409185538261,-46.4904078231947,11.943281811673
-44.4095630155907,11.9912765277214,-48.2712641473812,13.0339962257841,-46.3404135814859,12.5126363767528
-44.259136612249,12.5351037625653,-48.1077571872272,13.6251127853971,-46.1834468997381,13.0801082739812
-44.1020509205593,13.0770449490852,-47.9370118701731,14.2141792924839,-46.0195313953662,13.6456121207846
-43.9383295758428,13.617018546092,-47.7590538867857,14.8011071153174,-45.8486917313143,14.2090628307047
-43.7679972118301,14.1549433084428,-47.5739100128589,15.3858079439595,-45.6709536123445,14.7703756262012
-43.5910794569544,14.6907382992648,-47.3816081053852,15.9681938035487,-45.4863437811698,15.3294660514068
-43.4076029304955,15.2243229021338,-47.1821770983647,16.5481770675367,-45.2948900144301,15.8862499848353
-43.2175952385748,15.7556168332032,-46.9756469984509,17.1256704708731,-45.0966211185128,16.4406436520381
-43.0210849700013,16.2845401532842,-46.7620488804362,17.700587123135,-44.8915669252188,16.9925636382096
-42.8181016919706,16.811013279873,-46.5414148825767,18.2728405216011,-44.6797582872737,17.541926900737
-42.6086759456156,17.3349569991252,-46.3137782017561,18.8423445642666,-44.4612270736858,18.0886507816959
-42.3928392414116,17.8562924777747,-46.0791730884909,19.4090135627986,-44.2360061649512,18.6326530202866
-42.1706240544352,18.3749412749942,-45.8376348417774,19.9727622554285,-44.0041294481063,19.1738517652114
-41.942063819478,18.8908253541986,-45.5891998037804,20.5335058197811,-43.7656318116292,19.7121655869899
-41.7071929260157,19.4038670947856,-45.3339053543649,21.0911598856365,-43.5205491401903,20.247513490211
-41.4660467130343,19.9139893038149,-45.0717899054721,21.6456405476249,-43.2689183092532,20.7798149257199
-41.2186614637125,20.4211152276231,-44.8028928953397,22.1968643778512,-43.0107771795261,21.3089898027371
-40.9650743999629,20.9251685633714,-44.5272547825683,22.7447484384472,-42.7461645912656,21.8349585009093
-40.7053236768309,21.4260734705272,-44.2449170400336,23.2892102940513,-42.4751203584323,22.3576418822892
-40.4394483767548,21.9237545822742,-43.9559221486465,23.830168024211,-42.1976852627006,22.8769613032426
-40.1674885036844,22.4181370168527,-43.6603135909613,24.3675402357095,-41.9139010473229,23.3928386262811
-39.8894849770627,22.9091463888266,-43.3581358446334,24.9012460748115,-41.6238104108481,23.905196231819
-39.6054796256688,23.396708820275,-43.049434375727,25.4312052394293,-41.3274570006979,24.4139570298521
-39.3155151813242,23.8807509519083,-42.7342556318741,25.9573379912047,-41.0248854065991,24.9190444715565
-39.0196352724633,24.361199954106,-42.4126470352862,26.4795651675065,-40.7161411538748,25.4203825608063
-38.7178844175696,24.8379835378745,-42.0846569756191,26.9978081933419,-40.4012706965943,25.9178958656082
-38.4103080184763,25.3110299657239,-41.7503348026916,27.5119890931782,-40.080321410584,26.4115095294511
-38.0969523535362,25.7802680624618,-41.4097308190611,28.0220305026759,-39.7533415862987,26.9011492825689
-37.7778645706579,26.2456272259024,-41.0628962724543,28.5278556803287,-39.4203804215561,27.3867414531156
-37.4530926802121,26.7070374374891,-40.7098833480566,29.0293885190099,-39.0814880141343,27.8682129782495
-37.1226855478077,27.1644292728301,-40.3507451606606,29.526553557424,-38.7367153542341,28.3454914151271
-36.7866928869399,27.6177339121436,-39.9855357466737,30.0192759914605,-38.3861143168068,28.8185049518021
-36.4451652515095,28.066883150613,-39.6143100559886,30.5074816854489,-38.029737653749,29.287182418031
-36.0981540282173,28.5118094086485,-39.2371239437145,30.9910971833136,-37.6676389859659,29.7514532959811
-35.7457114288318,28.9524457420558,-38.8540341617736,31.4700497196259,-37.2998727953027,30.2112477308409
-35.3878904823335,29.3887258521082,-38.4650983503624,31.9442672305524,-36.9264944163479,30.6664965413303
-35.0247450269362,29.8205840955222,-38.0703750292785,32.413678364698,-36.5475600281073,31.1171312301101
-34.6563297019864,30.247955494334,-37.6699235891157,32.8782124938413,-36.1631266455511,31.5630839940877
-34.2826999397422,30.6707757456769,-37.2638042823285,33.3377997235618,-35.7732521110353,32.0042877346193
-33.9039119570327,31.0889812314552,-36.852078214166,33.7923709037557,-35.3779950855993,32.4406760676055
-33.5200227467998,31.5025090279176,-36.434807333478,34.2418576390408,-34.9774150401389,32.8721833334792
-33.1310900695227,31.9112969151236,-36.0120544233942,34.6861922990474,-34.5715722464585,33.2987446070855
-32.7371724445276,32.315283386306,-35.5838830918778,35.1253080285935,-34.1605277682027,33.7202957074498
-32.3383291411822,32.7144076571251,-35.1503577621546,35.5591387577446,-33.7443434516684,34.1367732074349
-31.9346201699787,33.108609674814,-34.7115436630203,35.9876192117544,-33.3230819164995,34.5481144432842
-31.5261062735038,33.4978301272149,-34.2675068190258,36.4106849208858,-32.8968065462648,34.9542575240503
-31.1128489172997,33.8820104517026,-33.8183140405431,36.8282722301115,-32.4655814789214,35.3551413409071
-30.6949102806159,34.2610928439964,-33.364032913713,37.2403183086917,-32.0294715971644,35.750705576344
-30.2723532470536,34.6350202668571,-32.9047317902756,37.6467611596273,-31.5885425186646,36.1408907132422
-29.845241395104,35.0037364586693,-32.4404797772869,38.0475396289883,-31.1428605861955,36.5256380438288
-29.4136389885824,35.3671859419059,-31.97134672672,38.4425934151151,-30.6924928576512,36.9048896785105
-28.9776109669588,35.7253140314762,-31.4974032249552,38.8318630776915,-30.237507095957,37.2785885545839
-28.5372229355872,36.0780668429532,-31.01872058216,39.2152900466882,-29.7779717588736,37.6466784448207
-28.0925411558344,36.4253913006813,-30.5353708215591,39.5928166311754,-29.3139559886967,38.0091039659283
-27.6436325351103,36.7672351457625,-30.0474266685981,39.9643860280027,-28.8455296018542,38.3658105868826
-27.1905646168009,37.1035469439187,-29.5549615400009,40.3299423303464,-28.3727630784009,38.7167446371325
-26.7334055701055,37.434276093231,-29.0580495327234,40.6894305361207,-27.8957275514145,39.0618533146759
-26.2722241797803,37.7593728317535,-28.5567654128047,41.0427965562538,-27.4144947962925,39.4010846940037
-25.8070898357883,38.078788245,-28.0511846041178,41.3899872228261,-26.9291372199531,39.734387733913
-25.3380725228594,38.3924742733041,-27.5413831770211,41.7309502970697,-26.4397278499403,40.0617122851869
-24.86524280996,38.7003837190503,-27.0274378369131,42.0656344772286,-25.9463403234365,40.3830090981394
-24.3886718396753,39.0024702537753,-26.5094259126906,42.3939894062775,-25.449048876183,40.6982298300264
-23.9084313175051,39.2986884251388,-25.9874253451143,42.7159656794987,-24.9479283313097,41.0073270523188
-23.4245935010748,39.5889936637622,-25.4615146750813,43.0315148519154,-24.4430540880781,41.3102542578388
-22.9372311892634,39.8733422899346,-24.931773031808,43.340589445581,-23.9345021105357,41.6069658677578
-22.4464177112502,40.1516915201847,-24.3982801209241,43.6431429567225,-23.4223489160871,41.8974172384536
-21.9522269154816,40.4239994737187,-23.86111621248,43.9391298627377,-22.9066715639808,42.1815646682282
-21.4547331585596,40.6902251787208,-23.3203621288691,44.2285056290444,-22.3875476437143,42.4593654038826
-20.9540112940541,40.9503285785188,-22.7760992326675,44.5112267157813,-21.8650552633608,42.73077764715
-20.4501366612406,41.2042705376103,-22.2284094143919,44.7872505843591,-21.3392730378163,42.9957605609847
-19.9431850737639,41.4520128475518,-21.6773750801782,45.0565357038607,-20.810280076971,43.2542742757062
-19.4332328082318,41.6935182327069,-21.1230791393824,45.3190415572901,-20.2781559738071,43.5062798949985
-18.9203565927379,41.9287503558553,-20.5656049921064,45.5747286476689,-19.7429807924221,43.7517395017621
-18.4046335953173,42.1576738236601,-20.0050365166492,45.8235585039784,-19.2048350559833,43.9906161638193
-17.8861414123356,42.3802541919929,-19.4414580568865,46.0654936869488,-18.663799734611,44.2228739394709
-17.3649580568138,42.5964579711165,-18.8749544095802,46.3004977946919,-18.119956233197,44.4484778829042
-16.8411619466903,42.8062526307238,-18.3056108116199,46.5285354681781,-17.5733863791551,44.6673940494509
-16.3148318930219,43.0096066048323,-17.7335129271978,46.7495723965569,-17.0241724101098,44.8795895006946
-15.7860470881261,43.2064892965335,-17.1587468349197,46.963575322319,-16.4723969615229,45.0850323094263
-15.2548870936653,43.3968710825968,-16.5813990148536,47.1705120463008,-15.9181430542594,45.2836915644488
-14.7214318286761,43.5807233179262,-16.0015563355175,47.3703514325285,-15.3614940820968,45.4755373752274
-14.1857615575448,43.758018339871,-15.4193060408096,47.5630634129032,-14.8025337991772,45.6605408763871
-13.6479568779302,43.9287294723869,-14.8347357368807,47.7486189917249,-14.2413463074055,45.8386742320559
-13.1080987086371,44.092831030051,-14.2479333789534,47.9269902500554,-13.6780160437953,46.0099106400532
-12.5662682774411,44.2502983219252,-13.6589872580881,48.0981503499187,-13.1126277677646,46.174224335922
-12.0225471088669,44.4011076552722,-13.0679859878988,48.2620735383394,-12.5452665483829,46.3315905968058
-11.4770170119221,44.5452363391199,-12.4750184912197,48.4187351512173,-11.9760177515709,46.4819857451686
-10.9297600677881,44.6826626876755,-11.8801739867261,48.5681116170386,-11.4049670272571,46.625387152357
-10.3808586174698,44.8133660235884,-11.2835419755106,48.7101804604221,-10.8322002964902,46.7617732420052
-9.83039524940694,44.9373266810614,-10.6852122276162,48.8449203055016,-10.2578037385116,46.8911234932815
-9.27845278704736,45.05452600881,-10.0852747685297,48.9723108791413,-9.68186377778855,47.0134184439756
-8.72511427638539,45.1649463728677,-9.48381986563629,49.0923330139866,-9.10446707101084,47.1286396934272
-8.17046297346663,45.2685711592404,-8.88093801463764,49.2049686513483,-8.52570049405214,47.2367699052943
-7.61458233186117,45.3653847764053,-8.27671992593605,49.3102008439188,-7.94565112889861,47.3377928101621
-7.05755599010697,45.4553726576574,-7.67125651098583,49.4080137583232,-7.3644062505464,47.4316932079903
-6.49946775912567,45.5385212633007,-7.06463886861486,49.4983926775007,-6.78205331387026,47.5184569704007
-5.94040160961206,45.6148180826858,-6.45695827131746,49.5813240029193,-6.19867994046476,47.5980710428026
-5.3804416593999,45.6842516360922,-5.84830615152163,49.656795256622,-5.61437390546076,47.6705234463571
-4.81967216080535,45.7468114764555,-5.2387740878319,49.7247950831038,-5.02922312431862,47.7358032797796
-4.25817748795033,45.8024881909391,-4.62845379125035,49.7853132510207,-4.44331563960034,47.7939007209799
-3.69604212406741,45.8512734023508,-4.01743709137762,49.8383406547291,-3.85673960772252,47.8448070285399
-3.13335064878842,45.893159770403,-3.40581592259611,49.8838693156554,-3.26958328569227,47.8885145430292
-2.57018772541841,45.9281409928173,-2.7936823102374,49.9218923834971,-2.68193501782791,47.9250166881572
-2.00663808819715,45.9562118062727,-2.18112835673604,49.9524041372529,-2.0938832224666,47.9543079717628
-1.44278652954985,45.9773679871972,-1.56824622777158,49.975399986084,-1.50551637866072,47.9763839866406
-0.878717887329337,45.991606352404,-0.955128138401454,49.9908764700043,-0.916923012865396,47.9912414112042
-0.314517032050994,45.9989247595696,-0.341866339185863,49.9988312604018,-0.328191685618428,47.9988780099857
0.249731145876799,45.999322107557,0.271446897692173,49.999263160388,0.260589021784486,47.9992926339725
0.813941748925432,45.9927983365804,0.884719292310252,49.9921721049787,0.849330520617842,47.9924852207796
1.37802988521986,45.9793544282153,1.49785857089116,49.9775591611036,1.43794422805551,47.9784567946594
1.94191068131161,45.9589924052498,2.11077247968653,49.9554265274454,2.02634158049907,47.9572094663476
2.50549929494868,45.9317153313809,2.72336879885726,49.9257775341097,2.61443404690297,47.9287464327453
3.06871092784157,45.8975273107533,3.33555535634953,49.8886166421232,3.20213314209555,47.8930719764382
3.63146083842143,45.8564334873419,3.94724004176242,49.8439494427629,3.78935044009193,47.8501914650524
4.19366435459111,45.8084400441778,4.55833082020773,49.791782656715,4.37599758739942,47.8001113504464
4.75523688646441,45.7535542024181,5.16873574615697,49.7321241330631,4.96198631631069,47.7428391677406
5.316093939094,45.6917842202592,5.77836297727609,49.6649828481078,5.54722845818504,47.6783835341835
5.87615112518448,45.6231393916946,6.387120788244,49.5903689040158,6.13163595671424,47.6067541478552
6.43532417778943,45.5476300451161,6.99491758455373,49.5082935273001,6.71512088117158,47.5279617862081
6.99352896299033,45.46526754176,7.60166191629384,49.4187690671304,7.29759543964209,47.4420183044452
7.55068149255549,45.3760642739978,8.20726249190814,49.3218089934759,7.87897199223181,47.3489366337368
8.10669793657682,45.2800336634714,8.81162819193133,49.2174278950776,8.45916306425407,47.2487307792745
8.66149463608349,45.1771901590736,9.41466808269944,49.1056414772539,9.03808135939147,47.1414158181638
9.21498811562868,45.0675492347745,10.0162914300312,48.9864665595375,9.61563977282993,47.027007897156
9.76709509585013,44.9511273872928,10.6164077128806,48.8599210731443,10.1917514043653,46.9055242302185
10.3177325059998,44.8279421336139,11.2149266369563,48.726024058276,10.766329571478,46.7769830959449
10.8668174964433,44.6980120083544,11.8117581483079,48.5847956612548,11.3392878223756,46.6414038348046
11.4142674511252,44.5613565609731,12.4068124468752,48.4362571314925,11.9105399490002,46.4988068462328
11.96,44.4179963528298,13,48.2804308182932,12.48,46.3492135855615
12.4285427135678,44.2918364331036,13.4685427135678,48.1542708985671,12.9485427135678,46.2230536658353
12.8970854271357,44.1656765133774,13.9370854271357,48.0281109788409,13.4170854271357,46.0968937461091
13.3656281407035,44.0395165936512,14.4056281407035,47.9019510591147,13.8856281407035,45.9707338263829
13.8341708542714,43.913356673925,14.8741708542714,47.7757911393885,14.3541708542714,45.8445739066567
14.3027135678392,43.7871967541988,15.3427135678392,47.6496312196623,14.8227135678392,45.7184139869306
14.771256281407,43.6610368344726,15.811256281407,47.5234712999361,15.291256281407,45.5922540672044
15.2397989949749,43.5348769147464,16.2797989949749,47.3973113802099,15.7597989949749,45.4660941474782
15.7083417085427,43.4087169950202,16.7483417085427,47.2711514604837,16.2283417085427,45.339934227752
16.1768844221106,43.2825570752941,17.2168844221106,47.1449915407575,16.6968844221106,45.2137743080258
16.6454271356784,43.1563971555679,17.6854271356784,47.0188316210313,17.1654271356784,45.0876143882996
17.1139698492462,43.0302372358417,18.1539698492462,46.8926717013051,17.6339698492462,44.9614544685734
17.5825125628141,42.9040773161155,18.6225125628141,46.7665117815789,18.1025125628141,44.8352945488472
18.0510552763819,42.7779173963893,19.0910552763819,46.6403518618527,18.5710552763819,44.709134629121
18.5195979899498,42.6517574766631,19.5595979899497,46.5141919421265,19.0395979899497,44.5829747093948
18.9881407035176,42.5255975569369,20.0281407035176,46.3880320224003,19.5081407035176,44.4568147896686
19.4566834170854,42.3994376372107,20.4966834170854,46.2618721026742,19.9766834170854,44.3306548699424
19.9252261306533,42.2732777174845,20.9652261306533,46.135712182948,20.4452261306533,44.2044949502162
20.3937688442211,42.1471177977583,21.4337688442211,46.0095522632218,20.9137688442211,44.07833503049
20.8623115577889,42.0209578780321,21.9023115577889,45.8833923434956,21.3823115577889,43.9521751107638
21.3308542713568,41.8947979583059,22.3708542713568,45.7572324237694,21.8508542713568,43.8260151910377
21.7993969849246,41.7686380385797,22.8393969849246,45.6310725040432,22.3193969849246,43.6998552713115
22.2679396984925,41.6424781188535,23.3079396984925,45.504912584317,22.7879396984925,43.5736953515853
22.7364824120603,41.5163181991273,23.7764824120603,45.3787526645908,23.2564824120603,43.4475354318591
23.2050251256281,41.3901582794011,24.2450251256281,45.2525927448646,23.7250251256281,43.3213755121329
23.673567839196,41.263998359675,24.713567839196,45.1264328251384,24.193567839196,43.1952155924067
24.1421105527638,41.1378384399488,25.1821105527638,45.0002729054122,24.6621105527638,43.0690556726805
24.6106532663317,41.0116785202226,25.6506532663317,44.874112985686,25.1306532663317,42.9428957529543
25.0791959798995,40.8855186004964,26.1191959798995,44.7479530659598,25.5991959798995,42.8167358332281
25.5477386934673,40.7593586807702,26.5877386934673,44.6217931462336,26.0677386934673,42.6905759135019
26.0162814070352,40.633198761044,27.0562814070352,44.4956332265074,26.5362814070352,42.5644159937757
26.484824120603,40.5070388413178,27.524824120603,44.3694733067813,27.004824120603,42.4382560740495
26.9533668341709,40.3808789215916,27.9933668341709,44.2433133870551,27.4733668341709,42.3120961543233
27.4219095477387,40.2547190018654,28.4619095477387,44.1171534673289,27.9419095477387,42.1859362345971
27.8904522613065,40.1285590821392,28.9304522613065,43.9909935476027,28.4104522613065,42.0597763148709
28.3589949748744,40.002399162413,29.3989949748744,43.8648336278765,28.8789949748744,41.9336163951448
28.8275376884422,39.8762392426868,29.8675376884422,43.7386737081503,29.3475376884422,41.8074564754186
29.2960804020101,39.7500793229606,30.3360804020101,43.6125137884241,29.8160804020101,41.6812965556924
29.7646231155779,39.6239194032344,30.8046231155779,43.4863538686979,30.2846231155779,41.5551366359662
30.2331658291457,39.4977594835082,31.2731658291457,43.3601939489717,30.7531658291457,41.42897671624
30.7017085427136,39.3715995637821,31.7417085427136,43.2340340292455,31.2217085427136,41.3028167965138
31.1702512562814,39.2454396440559,32.2102512562814,43.1078741095193,31.6902512562814,41.1766568767876
31.6387939698492,39.1192797243297,32.6787939698492,42.9817141897931,32.1587939698492,41.0504969570614
32.1073366834171,38.9931198046035,33.1473366834171,42.8555542700669,32.6273366834171,40.9243370373352
32.5758793969849,38.8669598848773,33.6158793969849,42.7293943503407,33.0958793969849,40.798177117609
33.0444221105528,38.7407999651511,34.0844221105528,42.6032344306145,33.5644221105528,40.6720171978828
33.5129648241206,38.6146400454249,34.5529648241206,42.4770745108884,34.0329648241206,40.5458572781566
33.9815075376884,38.4884801256987,35.0215075376884,42.3509145911622,34.5015075376884,40.4196973584304
34.4500502512563,38.3623202059725,35.4900502512563,42.224754671436,34.9700502512563,40.2935374387042
34.9185929648241,38.2361602862463,35.9585929648241,42.0985947517098,35.4385929648241,40.167377518978
35.387135678392,38.1100003665201,36.427135678392,41.9724348319836,35.907135678392,40.0412175992519
35.8556783919598,37.9838404467939,36.8956783919598,41.8462749122574,36.3756783919598,39.9150576795257
36.3242211055276,37.8576805270677,37.3642211055276,41.7201149925312,36.8442211055276,39.7888977597995
36.7927638190955,37.7315206073415,37.8327638190955,41.593955072805,37.3127638190955,39.6627378400733
37.2613065326633,37.6053606876153,38.3013065326633,41.4677951530788,37.7813065326633,39.5365779203471
37.7298492462312,37.4792007678892,38.7698492462312,41.3416352333526,38.2498492462312,39.4104180006209
38.198391959799,37.353040848163,39.238391959799,41.2154753136264,38.718391959799,39.2842580808947
38.6669346733668,37.2268809284368,39.7069346733668,41.0893153939002,39.1869346733668,39.1580981611685
39.1354773869347,37.1007210087106,40.1754773869347,40.963155474174,39.6554773869347,39.0319382414423
39.6040201005025,36.9745610889844,40.6440201005025,40.8369955544478,40.1240201005025,38.9057783217161
40.0725628140704,36.8484011692582,41.1125628140703,40.7108356347216,40.5925628140703,38.7796184019899
40.5411055276382,36.722241249532,41.5811055276382,40.5846757149954,41.0611055276382,38.6534584822637
41.009648241206,36.5960813298058,42.049648241206,40.4585157952693,41.529648241206,38.5272985625375
41.4781909547739,36.4699214100796,42.5181909547739,40.3323558755431,41.9981909547739,38.4011386428113
41.9467336683417,36.3437614903534,42.9867336683417,40.2061959558169,42.4667336683417,38.2749787230851
42.4152763819095,36.2176015706272,43.4552763819095,40.0800360360907,42.9352763819095,38.1488188033589
42.8838190954774,36.091441650901,43.9238190954774,39.9538761163645,43.4038190954774,38.0226588836328
43.3523618090452,35.9652817311748,44.3923618090452,39.8277161966383,43.8723618090452,37.8964989639066
43.8209045226131,35.8391218114486,44.8609045226131,39.7015562769121,44.3409045226131,37.7703390441804
44.2894472361809,35.7129618917224,45.3294472361809,39.5753963571859,44.8094472361809,37.6441791244542
44.7579899497487,35.5868019719963,45.7979899497487,39.4492364374597,45.2779899497487,37.518019204728
45.2265326633166,35.4606420522701,46.2665326633166,39.3230765177335,45.7465326633166,37.3918592850018
45.6950753768844,35.3344821325439,46.7350753768844,39.1969165980073,46.2150753768844,37.2656993652756
46.1636180904523,35.2083222128177,47.2036180904523,39.0707566782811,46.6836180904523,37.1395394455494
46.6321608040201,35.0821622930915,47.6721608040201,38.9445967585549,47.1521608040201,37.0133795258232
47.1007035175879,34.9560023733653,48.1407035175879,38.8184368388287,47.6207035175879,36.887219606097
47.5692462311558,34.8298424536391,48.6092462311558,38.6922769191025,48.0892462311558,36.7610596863708
48.0377889447236,34.7036825339129,49.0777889447236,38.5661169993764,48.5577889447236,36.6348997666446
48.5063316582915,34.5775226141867,49.5463316582915,38.4399570796502,49.0263316582915,36.5087398469184
48.9748743718593,34.4513626944605,50.0148743718593,38.313797159924,49.4948743718593,36.3825799271922
49.4434170854271,34.3252027747343,50.4834170854271,38.1876372401978,49.9634170854271,36.256420007466
49.911959798995,34.1990428550081,50.951959798995,38.0614773204716,50.431959798995,36.1302600877399
50.3805025125628,34.0728829352819,51.4205025125628,37.9353174007454,50.9005025125628,36.0041001680137
50.8490452261307,33.9467230155557,51.8890452261306,37.8091574810192,51.3690452261307,35.8779402482875
51.3175879396985,33.8205630958295,52.3575879396985,37.682997561293,51.8375879396985,35.7517803285613
51.7861306532663,33.6944031761034,52.8261306532663,37.5568376415668,52.3061306532663,35.6256204088351
52.2546733668342,33.5682432563772,53.2946733668342,37.4306777218406,52.7746733668342,35.4994604891089
52.723216080402,33.442083336651,53.763216080402,37.3045178021144,53.243216080402,35.3733005693827
53.1917587939699,33.3159234169248,54.2317587939699,37.1783578823882,53.7117587939698,35.2471406496565
53.6603015075377,33.1897634971986,54.7003015075377,37.052197962662,54.1803015075377,35.1209807299303
54.1288442211055,33.0636035774724,55.1688442211055,36.9260380429358,54.6488442211055,34.9948208102041
54.5973869346734,32.9374436577462,55.6373869346734,36.7998781232096,55.1173869346734,34.8686608904779
55.0659296482412,32.81128373802,56.1059296482412,36.6737182034835,55.5859296482412,34.7425009707517
55.5344723618091,32.6851238182938,56.574472361809,36.5475582837573,56.054472361809,34.6163410510255
56.0030150753769,32.5589638985676,57.0430150753769,36.4213983640311,56.5230150753769,34.4901811312993
56.4715577889447,32.4328039788414,57.5115577889447,36.2952384443049,56.9915577889447,34.3640212115731
56.9401005025126,32.3066440591152,57.9801005025126,36.1690785245787,57.4601005025126,34.237861291847
57.4086432160804,32.180484139389,58.4486432160804,36.0429186048525,57.9286432160804,34.1117013721208
57.8771859296482,32.0543242196628,58.9171859296482,35.9167586851263,58.3971859296482,33.9855414523946
58.3457286432161,31.9281642999366,59.3857286432161,35.7905987654001,58.8657286432161,33.8593815326684
58.8142713567839,31.8020043802104,59.8542713567839,35.6644388456739,59.3342713567839,33.7332216129422
59.2828140703518,31.6758444604843,60.3228140703518,35.5382789259477,59.8028140703518,33.607061693216
59.7513567839196,31.5496845407581,60.7913567839196,35.4121190062215,60.2713567839196,33.4809017734898
60.2198994974874,31.4235246210319,61.2598994974874,35.2859590864953,60.7398994974874,33.3547418537636
60.6884422110553,31.2973647013057,61.7284422110553,35.1597991667691,61.2084422110553,33.2285819340374
61.1569849246231,31.1712047815795,62.1969849246231,35.0336392470429,61.6769849246231,33.1024220143112
61.625527638191,31.0450448618533,62.665527638191,34.9074793273168,62.145527638191,32.976262094585
62.0940703517588,30.9188849421271,63.1340703517588,34.7813194075906,62.6140703517588,32.8501021748588
62.5626130653266,30.7927250224009,63.6026130653266,34.6551594878644,63.0826130653266,32.7239422551326
63.0311557788945,30.6665651026747,64.0711557788945,34.5289995681382,63.5511557788945,32.5977823354064
63.4996984924623,30.5404051829485,64.5396984924623,34.402839648412,64.0196984924623,32.4716224156802
63.9682412060302,30.4142452632223,65.0082412060301,34.2766797286858,64.4882412060302,32.3454624959541
64.436783919598,30.2880853434961,65.476783919598,34.1505198089596,64.956783919598,32.2193025762279
64.9053266331658,30.1619254237699,65.9453266331658,34.0243598892334,65.4253266331658,32.0931426565017
65.3738693467337,30.0357655040437,66.4138693467337,33.8981999695072,65.8938693467337,31.9669827367755
65.8424120603015,29.9096055843175,66.8824120603015,33.772040049781,66.3624120603015,31.8408228170493
66.3109547738694,29.7834456645914,67.3509547738693,33.6458801300548,66.8309547738694,31.7146628973231
66.7794974874372,29.6572857448652,67.8194974874372,33.5197202103286,67.2994974874372,31.5885029775969
67.248040201005,29.531125825139,68.288040201005,33.3935602906024,67.768040201005,31.4623430578707
67.7165829145729,29.4049659054128,68.7565829145729,33.2674003708762,68.2365829145729,31.3361831381445
68.1851256281407,29.2788059856866,69.2251256281407,33.14124045115,68.7051256281407,31.2100232184183
68.6536683417085,29.1526460659604,69.6936683417085,33.0150805314238,69.1736683417085,31.0838632986921
69.1222110552764,29.0264861462342,70.1622110552764,32.8889206116976,69.6422110552764,30.9577033789659
69.5907537688442,28.900326226508,70.6307537688442,32.7627606919715,70.1107537688442,30.8315434592397
70.0592964824121,28.7741663067818,71.0992964824121,32.6366007722453,70.5792964824121,30.7053835395135
70.5278391959799,28.6480063870556,71.5678391959799,32.5104408525191,71.0478391959799,30.5792236197873
70.9963819095478,28.5218464673294,72.0363819095477,32.3842809327929,71.5163819095477,30.4530637000611
71.4649246231156,28.3956865476032,72.5049246231156,32.2581210130667,71.9849246231156,30.326903780335
71.9334673366834,28.269526627877,72.9734673366834,32.1319610933405,72.4534673366834,30.2007438606088
72.4020100502513,28.1433667081508,73.4420100502513,32.0058011736143,72.9220100502513,30.0745839408826
72.8705527638191,28.0172067884246,73.9105527638191,31.8796412538881,73.3905527638191,29.9484240211564
73.3390954773869,27.8910468686985,74.3790954773869,31.7534813341619,73.8590954773869,29.8222641014302
73.8076381909548,27.7648869489723,74.8476381909548,31.6273214144357,74.3276381909548,29.696104181704
74.2761809045226,27.6387270292461,75.3161809045226,31.5011614947095,74.7961809045226,29.5699442619778
74.7447236180905,27.5125671095199,75.7847236180905,31.3750015749833,75.2647236180905,29.4437843422516
75.2132663316583,27.3864071897937,76.2532663316583,31.2488416552571,75.7332663316583,29.3176244225254
75.6818090452261,27.2602472700675,76.7218090452261,31.1226817355309,76.2018090452261,29.1914645027992
76.150351758794,27.1340873503413,77.190351758794,30.9965218158048,76.670351758794,29.065304583073
76.6188944723618,27.0079274306151,77.6588944723618,30.8703618960786,77.1388944723618,28.9391446633468
77.0874371859296,26.8817675108889,78.1274371859297,30.7442019763524,77.6074371859297,28.8129847436206
77.5559798994975,26.7556075911627,78.5959798994975,30.6180420566262,78.0759798994975,28.6868248238944
78.0245226130653,26.6294476714365,79.0645226130653,30.4918821369,78.5445226130653,28.5606649041682
78.4930653266332,26.5032877517103,79.5330653266332,30.3657222171738,79.0130653266332,28.4345049844421
78.961608040201,26.3771278319841,80.001608040201,30.2395622974476,79.481608040201,28.3083450647159
79.4301507537689,26.2509679122579,80.4701507537688,30.1134023777214,79.9501507537689,28.1821851449897
79.8986934673367,26.1248079925317,80.9386934673367,29.9872424579952,80.4186934673367,28.0560252252635
80.3672361809045,25.9986480728056,81.4072361809045,29.861082538269,80.8872361809045,27.9298653055373
80.8357788944724,25.8724881530794,81.8757788944724,29.7349226185428,81.3557788944724,27.8037053858111
81.3043216080402,25.7463282333532,82.3443216080402,29.6087626988166,81.8243216080402,27.6775454660849
81.772864321608,25.620168313627,82.812864321608,29.4826027790904,82.292864321608,27.5513855463587
82.2414070351759,25.4940083939008,83.2814070351759,29.3564428593642,82.7614070351759,27.4252256266325
82.7099497487437,25.3678484741746,83.7499497487437,29.230282939638,83.2299497487437,27.2990657069063
83.1784924623116,25.2416885544484,84.2184924623115,29.1041230199118,83.6984924623115,27.1729057871801
83.6470351758794,25.1155286347222,84.6870351758794,28.9779631001857,84.1670351758794,27.0467458674539
84.1155778894473,24.989368714996,85.1555778894472,28.8518031804595,84.6355778894472,26.9205859477277
84.5841206030151,24.8632087952698,85.6241206030151,28.7256432607333,85.1041206030151,26.7944260280015
85.0526633165829,24.7370488755436,86.0926633165829,28.5994833410071,85.5726633165829,26.6682661082753
85.5212060301508,24.6108889558174,86.5612060301507,28.4733234212809,86.0412060301507,26.5421061885492
85.9897487437186,24.4847290360912,87.0297487437186,28.3471635015547,86.5097487437186,26.415946268823
86.4582914572864,24.358569116365,87.4982914572864,28.2210035818285,86.9782914572864,26.2897863490968
86.9268341708543,24.2324091966388,87.9668341708543,28.0948436621023,87.4468341708543,26.1636264293706
87.3953768844221,24.1062492769126,88.4353768844221,27.9686837423761,87.9153768844221,26.0374665096444
87.86391959799,23.9800893571865,88.9039195979899,27.8425238226499,88.3839195979899,25.9113065899182
88.3324623115578,23.8539294374603,89.3724623115578,27.7163639029237,88.8524623115578,25.785146670192
88.8010050251256,23.7277695177341,89.8410050251256,27.5902039831975,89.3210050251256,25.6589867504658
89.2695477386935,23.6016095980079,90.3095477386935,27.4640440634713,89.7895477386935,25.5328268307396
89.7380904522613,23.4754496782817,90.7780904522613,27.3378841437451,90.2580904522613,25.4066669110134
90.2066331658291,23.3492897585555,91.2466331658291,27.2117242240189,90.7266331658291,25.2805069912872
90.675175879397,23.2231298388293,91.715175879397,27.0855643042928,91.195175879397,25.154347071561
91.1437185929648,23.0969699191031,92.1837185929648,26.9594043845666,91.6637185929648,25.0281871518348
91.6122613065327,22.9708099993769,92.6522613065327,26.8332444648404,92.1322613065327,24.9020272321086
92.0808040201005,22.8446500796507,93.1208040201005,26.7070845451142,92.6008040201005,24.7758673123824
92.5493467336684,22.7184901599245,93.5893467336683,26.580924625388,93.0693467336683,24.6497073926562
93.0178894472362,22.5923302401983,94.0578894472362,26.4547647056618,93.5378894472362,24.5235474729301
93.486432160804,22.4661703204721,94.526432160804,26.3286047859356,94.006432160804,24.3973875532039
93.9549748743719,22.3400104007459,94.9949748743719,26.2024448662094,94.4749748743719,24.2712276334777
94.4235175879397,22.2138504810197,95.4635175879397,26.0762849464832,94.9435175879397,24.1450677137515
94.8920603015075,22.0876905612936,95.9320603015075,25.950125026757,95.4120603015075,24.0189077940253
95.3606030150754,21.9615306415674,96.4006030150754,25.8239651070308,95.8806030150754,23.8927478742991
95.8291457286432,21.8353707218412,96.8691457286432,25.6978051873046,96.3491457286432,23.7665879545729
96.2976884422111,21.709210802115,97.337688442211,25.5716452675784,96.8176884422111,23.6404280348467
96.7662311557789,21.5830508823888,97.8062311557789,25.4454853478522,97.2862311557789,23.5142681151205
97.2347738693468,21.4568909626626,98.2747738693467,25.319325428126,97.7547738693467,23.3881081953943
97.7033165829146,21.3307310429364,98.7433165829146,25.1931655083999,98.2233165829146,23.2619482756681
98.1718592964824,21.2045711232102,99.2118592964824,25.0670055886737,98.6918592964824,23.1357883559419
98.6404020100503,21.078411203484,99.6804020100502,24.9408456689475,99.1604020100502,23.0096284362157
99.1089447236181,20.9522512837578,100.148944723618,24.8146857492213,99.6289447236181,22.8834685164895
99.5774874371859,20.8260913640316,100.617487437186,24.6885258294951,100.097487437186,22.7573085967634
100.046030150754,20.6999314443054,101.086030150754,24.5623659097689,100.566030150754,22.6311486770372
100.514572864322,20.5737715245792,101.554572864322,24.4362059900427,101.034572864322,22.504988757311
100.983115577889,20.447611604853,102.023115577889,24.3100460703165,101.503115577889,22.3788288375848
101.451658291457,20.3214516851268,102.491658291457,24.1838861505903,101.971658291457,22.2526689178586
101.920201005025,20.1952917654007,102.960201005025,24.0577262308641,102.440201005025,22.1265089981324
102.388743718593,20.0691318456745,103.428743718593,23.9315663111379,102.908743718593,22.0003490784062
102.857286432161,19.9429719259483,103.897286432161,23.8054063914117,103.377286432161,21.87418915868
103.325829145729,19.8168120062221,104.365829145729,23.6792464716855,103.845829145729,21.7480292389538
103.794371859296,19.6906520864959,104.834371859296,23.5530865519593,104.314371859296,21.6218693192276
104.262914572864,19.5644921667697,105.302914572864,23.4269266322331,104.782914572864,21.4957093995014
104.731457286432,19.4383322470435,105.771457286432,23.300766712507,105.251457286432,21.3695494797752
105.2,19.3121723273173,106.24,23.1746067927808,105.72,21.243389560049
105.538187601833,19.2179207534765,106.6458251222,23.0615049041718,106.092006362016,21.1397128288242
105.874668691277,19.117747455381,107.049602429533,22.9412969464572,106.462135560405,21.0295222009191
106.209339586553,19.0116832999833,107.451207503864,22.8140199599799,106.830273545209,20.9128516299816
106.542097163666,18.8997609694185,107.850516596399,22.6797131633022,107.196306880033,20.7897370663603
106.872838888182,18.7820149509335,108.247406665819,22.5384179411202,107.560122777,20.6602164460269
107.201462846824,18.6584815262606,108.641755416189,22.3901778315128,107.921609131507,20.5243296788867
107.527867778874,18.5291987604375,109.033441334648,22.235038512525,108.280654556761,20.3821186364812
107.851953107372,18.3942064900779,109.422343728847,22.0730477880935,108.63714841811,20.2336271390857
108.173618970115,18.2535463110972,109.808342764138,21.9042555733167,108.990980867127,20.078900942207
108.49276625042,18.1072615658946,110.191319500504,21.7287138790736,109.342042875462,19.9179877224841
108.80929660767,17.955397329998,110.571155929204,21.5464767959976,109.690226268437,19.7509370629978
109.123112507614,17.7980003981746,110.947735009136,21.3576004778096,110.035423758375,19.5778004379921
109.434117252422,17.635119270012,111.320940702907,21.1621431240144,110.377528977664,19.3986311970132
109.742215010483,17.4668041349734,111.690658012579,20.9601649619681,110.716436511531,19.2134845484708
110.047310845928,17.2931068569326,112.056773015114,20.7517282283192,111.052041930521,19.0224175426259
110.349310747891,17.1140809581931,112.419172897469,20.5368971498317,111.38424182268,18.8254890540124
110.64812165947,16.9297816029954,112.777745991364,20.3157379235945,111.712933825417,18.622759763295
110.943651506406,16.7402655805198,113.132381807687,20.0883186966237,112.038016657047,18.4142921385717
111.235809225452,16.5455912873867,113.482971070543,19.854709544864,112.359390147997,18.2001504161253
111.524504792434,16.3458187096632,113.82940575092,19.6149824515959,112.676955271677,17.9804005806296
111.809649249988,16.1410094043792,114.171579099986,19.369211285255,112.990614174987,17.7551103448171
112.091154734976,15.9312264805589,114.509385681971,19.1174717766707,113.300270208474,17.5243491286148
112.368934505555,15.7165345797756,114.842721406666,18.8598414957307,113.605827956111,17.2881880377531
112.642902967908,15.4969998562323,115.17148356149,18.5963998274788,113.907193264699,17.0466998418556
112.912975702616,15.2726899563783,115.495570843139,18.327227947654,114.204273272877,16.7999589520161
113.179069490672,15.0436739980641,115.814883388807,18.0524087976769,114.49697643974,16.5480413978705
113.441102339127,14.8100225492439,116.129322806952,17.7720270590927,114.78521257304,16.2910248041683
113.698993506348,14.5718076062317,116.438792207618,17.486169127478,115.068892856983,16.0289883668548
113.952663526903,14.3291025715157,116.743196232284,17.1949230858189,115.347929879594,15.7620128286673
114.202034236046,14.0819822311413,117.042441083255,16.8983786773695,115.622237659651,15.4901804542554
114.447028793799,13.8305227316662,117.336434552559,16.5966272779994,115.891731673179,15.2135750048328
114.687571708635,13.5748015566973,117.625086050362,16.2897618680368,116.156328879498,14.9322817123671
114.923588860733,13.3148975030153,117.90830663288,15.9778770036183,116.415947746806,14.6463872533168
115.155007524823,13.0508906562941,118.186009029788,15.6610687875529,116.670508277306,14.3559797219235
115.381756392592,12.7828623664243,118.458107671111,15.3394348397091,116.919932031852,14.0611486030667
115.603765594656,12.5108952224457,118.724518713588,15.0130742669349,117.164142154122,13.7619847446903
115.820966722092,12.2350730270994,118.985160066511,14.6820876325193,117.403063394301,13.4585803298093
116.033292847514,11.9554807710044,119.239951417017,14.3465769252052,117.636622132265,13.1510288481048
116.240678545698,11.6722046064696,119.488814254838,14.0066455277635,117.864746400268,12.8394250671165
116.443059913743,11.3853318209469,119.731671896491,13.6623981851363,118.087365905117,12.5238650030416
116.640374590756,11.0949508101351,119.968449508907,13.3139409721621,118.304412049832,12.2044458911486
116.832561777076,10.8011510507416,120.199074132491,12.9613812608899,118.515817954783,11.8812661558158
117.019562253,10.504023072912,120.4234747036,12.6048276874944,118.7215184783,11.5544253802032
117.201318397037,10.203658432334,120.641582076445,12.2443901188008,118.921450236741,11.2240242755674
117.377774203662,9.90014968202631,120.853329044395,11.8801796184316,119.115551624029,10.8901646502289
117.548875300571,9.59359034381944,121.058650360685,11.5123084125833,119.303762830628,10.5529493782014
117.714568965434,9.28407487953847,121.257482758521,11.1408898554462,119.486025861978,10.2124823674923
117.874804142148,8.97169866189596,121.449764970577,10.7660383942752,119.662284556362,9.86886852808556
118.029531456559,8.65655794510425,121.635437747871,10.3878695341251,119.832484602215,9.52221373961468
118.178703231685,8.33874983521607,121.814443878022,10.0064998022593,119.996573554854,9.17262481873767
118.322273502402,8.01837226020275,121.986728202882,9.6220467122433,120.154500852642,8.82020948622302
118.460198029606,7.69552393977914,122.152237635528,9.23462872773498,120.306217832567,8.46507633375706
118.592434313852,7.37030435498454,122.310921176622,8.84436522598145,120.451677745237,8.107334790483
118.71894160844,7.04281371752906,122.462729930128,8.45137646103487,120.590835769284,7.74709508928196
118.839680931978,6.71315293891481,122.607617118374,8.05578352669777,120.723649025176,7.38446823280629
118.95461508039,6.38142359934154,122.745538096469,7.65770831920984,120.85007658843,7.01956595927569
119.063708638382,6.0477279164061,122.876450366058,7.25727349968732,120.97007950222,6.65250070804671
119.166927990351,5.71216871360563,123.000313588421,6.85460245632676,121.083620789386,6.28338558496619
119.264241330748,5.37484938865393,123.117089596897,6.44981926638472,121.190665463822,5.91233432751933
119.355618673874,5.035873881621,123.226742408648,6.04304865794521,121.291180541261,5.5394612697831
119.441031863123,4.69534664290537,123.329238235747,5.63441597148645,121.385135049435,5.16488130719591
119.520454579657,4.35337260104926,123.424545495588,5.22404712125911,121.472500037622,4.78870986115418
119.593862350514,4.01005713040631,123.512634820616,4.81206855648758,121.553248585565,4.41106284344695
119.661232556152,3.66550601867208,123.593479067382,4.3986072224065,121.627355811767,4.03205662053929
119.722544437416,3.31982543428702,123.6670533249,3.98379052114443,121.694798881158,3.65180797771573
119.777779101938,2.97312189372227,123.733334922326,3.56774627246672,121.755557012132,3.27043408309449
119.826919529955,2.62550222865807,123.792303435946,3.15060267438969,121.809611482951,2.88805245152388
119.869950579554,2.27707355306523,123.843940695465,2.73248826367827,121.85694563751,2.50478090837175
119.906858991341,1.9279432301994,123.888230789609,2.31353187623928,121.897544890475,2.12073755321934
119.937633392521,1.57821883951872,123.925160071026,1.89386260742246,121.931396731774,1.73604072347059
119.96226430041,1.22800814353471,123.954717160492,1.47360977224165,121.958490730451,1.35080895788818
119.980744125348,0.877419054606848,123.976892950417,1.05290286552822,121.978818537882,0.965160960067533
119.993067173044,0.526559601690921,123.991680607653,0.631871522029106,121.992373890349,0.579215561860013
119.999229646331,0.175537897051464,123.999075575598,0.210645476461757,121.999152610964,0.193091686756611
119.999229646331,-0.175537897051464,123.999075575598,-0.210645476461757,121.999152610964,-0.193091686756611
119.993067173044,-0.526559601690921,123.991680607653,-0.631871522029106,121.992373890349,-0.579215561860013
119.980744125348,-0.877419054606848,123.976892950417,-1.05290286552822,121.978818537882,-0.965160960067533
119.96226430041,-1.22800814353471,123.954717160492,-1.47360977224165,121.958490730451,-1.35080895788818
119.937633392521,-1.57821883951872,123.925160071026,-1.89386260742246,121.931396731774,-1.73604072347059
119.906858991341,-1.9279432301994,123.888230789609,-2.31353187623928,121.897544890475,-2.12073755321934
119.869950579554,-2.27707355306523,123.843940695465,-2.73248826367827,121.85694563751,-2.50478090837175
119.826919529955,-2.62550222865807,123.792303435946,-3.15060267438969,121.809611482951,-2.88805245152388
119.777779101938,-2.97312189372227,123.733334922326,-3.56774627246672,121.755557012132,-3.27043408309449
119.722544437416,-3.31982543428702,123.6670533249,-3.98379052114443,121.694798881158,-3.65180797771573
119.661232556152,-3.66550601867208,123.593479067382,-4.3986072224065,121.627355811767,-4.03205662053929
119.593862350514,-4.01005713040631,123.512634820616,-4.81206855648758,121.553248585565,-4.41106284344695
119.520454579657,-4.35337260104926,123.424545495588,-5.22404712125911,121.472500037622,-4.78870986115418
119.441031863123,-4.69534664290537,123.329238235747,-5.63441597148645,121.385135049435,-5.16488130719591
119.355618673874,-5.035873881621,123.226742408648,-6.04304865794521,121.291180541261,-5.5394612697831
119.264241330748,-5.37484938865393,123.117089596897,-6.44981926638472,121.190665463822,-5.91233432751933
119.166927990351,-5.71216871360563,123.000313588421,-6.85460245632676,121.083620789386,-6.28338558496619
119.063708638382,-6.0477279164061,122.876450366058,-7.25727349968732,120.97007950222,-6.65250070804671
118.95461508039,-6.38142359934154,122.745538096469,-7.65770831920984,120.85007658843,-7.01956595927569
118.839680931978,-6.71315293891481,122.607617118374,-8.05578352669777,120.723649025176,-7.38446823280629
118.71894160844,-7.04281371752906,122.462729930128,-8.45137646103487,120.590835769284,-7.74709508928196
118.592434313852,-7.37030435498454,122.310921176622,-8.84436522598145,120.451677745237,-8.107334790483
118.460198029606,-7.69552393977914,122.152237635528,-9.23462872773498,120.306217832567,-8.46507633375706
118.322273502402,-8.01837226020275,121.986728202882,-9.6220467122433,120.154500852642,-8.82020948622302
118.178703231685,-8.33874983521607,121.814443878022,-10.0064998022593,119.996573554854,-9.17262481873767
118.029531456559,-8.65655794510425,121.635437747871,-10.3878695341251,119.832484602215,-9.52221373961468
117.874804142148,-8.97169866189596,121.449764970577,-10.7660383942752,119.662284556362,-9.86886852808556
117.714568965434,-9.28407487953847,121.257482758521,-11.1408898554462,119.486025861978,-10.2124823674923
117.548875300571,-9.59359034381944,121.058650360685,-11.5123084125833,119.303762830628,-10.5529493782014
117.377774203662,-9.90014968202631,120.853329044395,-11.8801796184316,119.115551624029,-10.8901646502289
117.201318397037,-10.203658432334,120.641582076445,-12.2443901188008,118.921450236741,-11.2240242755674
117.019562253,-10.504023072912,120.4234747036,-12.6048276874944,118.7215184783,-11.5544253802032
116.832561777076,-10.8011510507416,120.199074132491,-12.9613812608899,118.515817954783,-11.8812661558158
116.640374590756,-11.0949508101351,119.968449508907,-13.3139409721621,118.304412049832,-12.2044458911486
116.443059913743,-11.3853318209469,119.731671896491,-13.6623981851363,118.087365905117,-12.5238650030416
116.240678545698,-11.6722046064696,119.488814254838,-14.0066455277635,117.864746400268,-12.8394250671165
116.033292847514,-11.9554807710044,119.239951417017,-14.3465769252052,117.636622132265,-13.1510288481048
115.820966722092,-12.2350730270994,118.985160066511,-14.6820876325193,117.403063394301,-13.4585803298093
115.603765594656,-12.5108952224457,118.724518713588,-15.0130742669349,117.164142154122,-13.7619847446903
115.381756392592,-12.7828623664243,118.458107671111,-15.3394348397091,116.919932031852,-14.0611486030667
115.155007524823,-13.0508906562941,118.186009029788,-15.6610687875529,116.670508277306,-14.3559797219235
114.923588860733,-13.3148975030153,117.90830663288,-15.9778770036183,116.415947746806,-14.6463872533168
114.687571708635,-13.5748015566973,117.625086050362,-16.2897618680368,116.156328879498,-14.9322817123671
114.447028793799,-13.8305227316662,117.336434552559,-16.5966272779994,115.891731673179,-15.2135750048328
114.202034236046,-14.0819822311413,117.042441083255,-16.8983786773695,115.622237659651,-15.4901804542554
113.952663526903,-14.3291025715157,116.743196232284,-17.1949230858189,115.347929879594,-15.7620128286673
113.698993506348,-14.5718076062317,116.438792207618,-17.486169127478,115.068892856983,-16.0289883668548
113.441102339127,-14.8100225492439,116.129322806952,-17.7720270590927,114.78521257304,-16.2910248041683
113.179069490672,-15.0436739980641,115.814883388807,-18.0524087976769,114.49697643974,-16.5480413978705
112.912975702616,-15.2726899563783,115.495570843139,-18.327227947654,114.204273272877,-16.7999589520161
112.642902967908,-15.4969998562323,115.17148356149,-18.5963998274788,113.907193264699,-17.0466998418556
112.368934505555,-15.7165345797756,114.842721406666,-18.8598414957307,113.605827956111,-17.2881880377531
112.091154734976,-15.9312264805589,114.509385681971,-19.1174717766707,113.300270208474,-17.5243491286148
111.809649249988,-16.1410094043792,114.171579099986,-19.369211285255,112.990614174987,-17.7551103448171
111.524504792434,-16.3458187096632,113.82940575092,-19.6149824515959,112.676955271677,-17.9804005806296
111.235809225452,-16.5455912873867,113.482971070543,-19.854709544864,112.359390147997,-18.2001504161253
110.943651506406,-16.7402655805198,113.132381807687,-20.0883186966237,112.038016657047,-18.4142921385717
110.64812165947,-16.9297816029954,112.777745991364,-20.3157379235945,111.712933825417,-18.622759763295
110.349310747891,-17.1140809581931,112.419172897469,-20.5368971498317,111.38424182268,-18.8254890540124
110.047310845928,-17.2931068569326,112.056773015114,-20.7517282283192,111.052041930521,-19.0224175426259
109.742215010483,-17.4668041349734,111.690658012579,-20.9601649619681,110.716436511531,-19.2134845484708
109.434117252422,-17.635119270012,111.320940702907,-21.1621431240144,110.377528977664,-19.3986311970132
109.123112507614,-17.7980003981746,110.947735009136,-21.3576004778096,110.035423758375,-19.5778004379921
108.80929660767,-17.955397329998,110.571155929204,-21.5464767959976,109.690226268437,-19.7509370629978
108.49276625042,-18.1072615658946,110.191319500504,-21.7287138790736,109.342042875462,-19.9179877224841
108.173618970115,-18.2535463110972,109.808342764138,-21.9042555733167,108.990980867127,-20.078900942207
107.851953107372,-18.3942064900779,109.422343728847,-22.0730477880935,108.63714841811,-20.2336271390857
107.527867778874,-18.5291987604375,109.033441334648,-22.235038512525,108.280654556761,-20.3821186364812
107.201462846824,-18.6584815262606,108.641755416189,-22.3901778315128,107.921609131507,-20.5243296788867
106.872838888182,-18.7820149509335,108.247406665819,-22.5384179411202,107.560122777,-20.6602164460269
106.542097163666,-18.8997609694185,107.850516596399,-22.6797131633022,107.196306880033,-20.7897370663603
106.209339586553,-19.0116832999833,107.451207503864,-22.8140199599799,106.830273545209,-20.9128516299816
105.874668691277,-19.117747455381,107.049602429533,-22.9412969464572,106.462135560405,-21.0295222009191
105.538187601833,-19.2179207534765,106.6458251222,-23.0615049041718,106.092006362016,-21.1397128288242
105.2,-19.3121723273173,106.24,-23.1746067927808,105.72,-21.243389560049
104.731457286432,-19.4383322470435,105.771457286432,-23.300766712507,105.251457286432,-21.3695494797752
104.262914572864,-19.5644921667697,105.302914572864,-23.4269266322331,104.782914572864,-21.4957093995014
103.794371859296,-19.6906520864959,104.834371859296,-23.5530865519593,104.314371859296,-21.6218693192276
103.325829145729,-19.8168120062221,104.365829145729,-23.6792464716855,103.845829145729,-21.7480292389538
102.857286432161,-19.9429719259483,103.897286432161,-23.8054063914117,103.377286432161,-21.87418915868
102.388743718593,-20.0691318456745,103.428743718593,-23.9315663111379,102.908743718593,-22.0003490784062
101.920201005025,-20.1952917654007,102.960201005025,-24.0577262308641,102.440201005025,-22.1265089981324
101.451658291457,-20.3214516851268,102.491658291457,-24.1838861505903,101.971658291457,-22.2526689178586
100.983115577889,-20.447611604853,102.023115577889,-24.3100460703165,101.503115577889,-22.3788288375848
100.514572864322,-20.5737715245792,101.554572864322,-24.4362059900427,101.034572864322,-22.504988757311
100.046030150754,-20.6999314443054,101.086030150754,-24.5623659097689,100.566030150754,-22.6311486770372
99.5774874371859,-20.8260913640316,100.617487437186,-24.6885258294951,100.097487437186,-22.7573085967633
99.1089447236181,-20.9522512837578,100.148944723618,-24.8146857492213,99.6289447236181,-22.8834685164895
98.6404020100503,-21.078411203484,99.6804020100502,-24.9408456689475,99.1604020100502,-23.0096284362157
98.1718592964824,-21.2045711232102,99.2118592964824,-25.0670055886737,98.6918592964824,-23.1357883559419
97.7033165829146,-21.3307310429364,98.7433165829146,-25.1931655083999,98.2233165829146,-23.2619482756681
97.2347738693467,-21.4568909626626,98.2747738693467,-25.319325428126,97.7547738693467,-23.3881081953943
96.7662311557789,-21.5830508823888,97.8062311557789,-25.4454853478522,97.2862311557789,-23.5142681151205
96.2976884422111,-21.709210802115,97.337688442211,-25.5716452675784,96.8176884422111,-23.6404280348467
95.8291457286432,-21.8353707218412,96.8691457286432,-25.6978051873046,96.3491457286432,-23.7665879545729
95.3606030150754,-21.9615306415674,96.4006030150754,-25.8239651070308,95.8806030150754,-23.8927478742991
94.8920603015075,-22.0876905612936,95.9320603015075,-25.950125026757,95.4120603015075,-24.0189077940253
94.4235175879397,-22.2138504810197,95.4635175879397,-26.0762849464832,94.9435175879397,-24.1450677137515
93.9549748743719,-22.3400104007459,94.9949748743718,-26.2024448662094,94.4749748743719,-24.2712276334777
93.486432160804,-22.4661703204721,94.526432160804,-26.3286047859356,94.006432160804,-24.3973875532039
93.0178894472362,-22.5923302401983,94.0578894472362,-26.4547647056618,93.5378894472362,-24.5235474729301
92.5493467336683,-22.7184901599245,93.5893467336683,-26.580924625388,93.0693467336683,-24.6497073926562
92.0808040201005,-22.8446500796507,93.1208040201005,-26.7070845451142,92.6008040201005,-24.7758673123824
91.6122613065327,-22.9708099993769,92.6522613065327,-26.8332444648404,92.1322613065327,-24.9020272321086
91.1437185929648,-23.0969699191031,92.1837185929648,-26.9594043845666,91.6637185929648,-25.0281871518348
90.675175879397,-23.2231298388293,91.715175879397,-27.0855643042928,91.195175879397,-25.154347071561
90.2066331658291,-23.3492897585555,91.2466331658291,-27.2117242240189,90.7266331658291,-25.2805069912872
89.7380904522613,-23.4754496782817,90.7780904522613,-27.3378841437451,90.2580904522613,-25.4066669110134
89.2695477386935,-23.6016095980079,90.3095477386935,-27.4640440634713,89.7895477386935,-25.5328268307396
88.8010050251256,-23.7277695177341,89.8410050251256,-27.5902039831975,89.3210050251256,-25.6589867504658
88.3324623115578,-23.8539294374603,89.3724623115578,-27.7163639029237,88.8524623115578,-25.785146670192
87.8639195979899,-23.9800893571865,88.9039195979899,-27.8425238226499,88.3839195979899,-25.9113065899182
87.3953768844221,-24.1062492769126,88.4353768844221,-27.9686837423761,87.9153768844221,-26.0374665096444
86.9268341708543,-24.2324091966388,87.9668341708543,-28.0948436621023,87.4468341708543,-26.1636264293706
86.4582914572864,-24.358569116365,87.4982914572864,-28.2210035818285,86.9782914572864,-26.2897863490968
85.9897487437186,-24.4847290360912,87.0297487437186,-28.3471635015547,86.5097487437186,-26.415946268823
85.5212060301508,-24.6108889558174,86.5612060301507,-28.4733234212809,86.0412060301507,-26.5421061885492
85.0526633165829,-24.7370488755436,86.0926633165829,-28.5994833410071,85.5726633165829,-26.6682661082753
84.5841206030151,-24.8632087952698,85.6241206030151,-28.7256432607333,85.1041206030151,-26.7944260280015
84.1155778894472,-24.989368714996,85.1555778894472,-28.8518031804595,84.6355778894472,-26.9205859477277
83.6470351758794,-25.1155286347222,84.6870351758794,-28.9779631001857,84.1670351758794,-27.0467458674539
83.1784924623116,-25.2416885544484,84.2184924623116,-29.1041230199118,83.6984924623116,-27.1729057871801
82.7099497487437,-25.3678484741746,83.7499497487437,-29.230282939638,83.2299497487437,-27.2990657069063
82.2414070351759,-25.4940083939008,83.2814070351759,-29.3564428593642,82.7614070351759,-27.4252256266325
81.772864321608,-25.620168313627,82.812864321608,-29.4826027790904,82.292864321608,-27.5513855463587
81.3043216080402,-25.7463282333532,82.3443216080402,-29.6087626988166,81.8243216080402,-27.6775454660849
80.8357788944724,-25.8724881530794,81.8757788944723,-29.7349226185428,81.3557788944724,-27.8037053858111
80.3672361809045,-25.9986480728056,81.4072361809045,-29.861082538269,80.8872361809045,-27.9298653055373
79.8986934673367,-26.1248079925317,80.9386934673367,-29.9872424579952,80.4186934673367,-28.0560252252635
79.4301507537688,-26.2509679122579,80.4701507537688,-30.1134023777214,79.9501507537688,-28.1821851449897
78.961608040201,-26.3771278319841,80.001608040201,-30.2395622974476,79.481608040201,-28.3083450647159
78.4930653266332,-26.5032877517103,79.5330653266332,-30.3657222171738,79.0130653266332,-28.4345049844421
78.0245226130653,-26.6294476714365,79.0645226130653,-30.4918821369,78.5445226130653,-28.5606649041682
77.5559798994975,-26.7556075911627,78.5959798994975,-30.6180420566262,78.0759798994975,-28.6868248238944
77.0874371859296,-26.8817675108889,78.1274371859297,-30.7442019763524,77.6074371859297,-28.8129847436206
76.6188944723618,-27.0079274306151,77.6588944723618,-30.8703618960786,77.1388944723618,-28.9391446633468
76.150351758794,-27.1340873503413,77.190351758794,-30.9965218158047,76.670351758794,-29.065304583073
75.6818090452261,-27.2602472700675,76.7218090452261,-31.1226817355309,76.2018090452261,-29.1914645027992
75.2132663316583,-27.3864071897937,76.2532663316583,-31.2488416552571,75.7332663316583,-29.3176244225254
74.7447236180904,-27.5125671095199,75.7847236180905,-31.3750015749833,75.2647236180904,-29.4437843422516
74.2761809045226,-27.6387270292461,75.3161809045226,-31.5011614947095,74.7961809045226,-29.5699442619778
73.8076381909548,-27.7648869489723,74.8476381909548,-31.6273214144357,74.3276381909548,-29.696104181704
73.3390954773869,-27.8910468686985,74.3790954773869,-31.7534813341619,73.8590954773869,-29.8222641014302
72.8705527638191,-28.0172067884246,73.9105527638191,-31.8796412538881,73.3905527638191,-29.9484240211564
72.4020100502512,-28.1433667081508,73.4420100502512,-32.0058011736143,72.9220100502512,-30.0745839408826
71.9334673366834,-28.269526627877,72.9734673366834,-32.1319610933405,72.4534673366834,-30.2007438606088
71.4649246231156,-28.3956865476032,72.5049246231156,-32.2581210130667,71.9849246231156,-30.326903780335
70.9963819095478,-28.5218464673294,72.0363819095477,-32.3842809327929,71.5163819095477,-30.4530637000611
70.5278391959799,-28.6480063870556,71.5678391959799,-32.5104408525191,71.0478391959799,-30.5792236197873
70.0592964824121,-28.7741663067818,71.0992964824121,-32.6366007722453,70.5792964824121,-30.7053835395135
69.5907537688442,-28.900326226508,70.6307537688442,-32.7627606919715,70.1107537688442,-30.8315434592397
69.1222110552764,-29.0264861462342,70.1622110552764,-32.8889206116976,69.6422110552764,-30.9577033789659
68.6536683417085,-29.1526460659604,69.6936683417085,-33.0150805314238,69.1736683417085,-31.0838632986921
68.1851256281407,-29.2788059856866,69.2251256281407,-33.14124045115,68.7051256281407,-31.2100232184183
67.7165829145729,-29.4049659054128,68.7565829145729,-33.2674003708762,68.2365829145729,-31.3361831381445
67.248040201005,-29.531125825139,68.288040201005,-33.3935602906024,67.768040201005,-31.4623430578707
66.7794974874372,-29.6572857448652,67.8194974874372,-33.5197202103286,67.2994974874372,-31.5885029775969
66.3109547738694,-29.7834456645914,67.3509547738693,-33.6458801300548,66.8309547738694,-31.7146628973231
65.8424120603015,-29.9096055843175,66.8824120603015,-33.772040049781,66.3624120603015,-31.8408228170493
65.3738693467337,-30.0357655040437,66.4138693467337,-33.8981999695072,65.8938693467337,-31.9669827367755
64.9053266331658,-30.1619254237699,65.9453266331658,-34.0243598892334,65.4253266331658,-32.0931426565017
64.436783919598,-30.2880853434961,65.476783919598,-34.1505198089596,64.956783919598,-32.2193025762279
63.9682412060302,-30.4142452632223,65.0082412060301,-34.2766797286858,64.4882412060301,-32.3454624959541
63.4996984924623,-30.5404051829485,64.5396984924623,-34.402839648412,64.0196984924623,-32.4716224156802
63.0311557788945,-30.6665651026747,64.0711557788945,-34.5289995681382,63.5511557788945,-32.5977823354064
62.5626130653266,-30.7927250224009,63.6026130653266,-34.6551594878644,63.0826130653266,-32.7239422551326
62.0940703517588,-30.9188849421271,63.1340703517588,-34.7813194075906,62.6140703517588,-32.8501021748588
61.625527638191,-31.0450448618533,62.665527638191,-34.9074793273168,62.145527638191,-32.976262094585
61.1569849246231,-31.1712047815795,62.1969849246231,-35.0336392470429,61.6769849246231,-33.1024220143112
60.6884422110553,-31.2973647013057,61.7284422110553,-35.1597991667691,61.2084422110553,-33.2285819340374
60.2198994974874,-31.4235246210319,61.2598994974874,-35.2859590864953,60.7398994974874,-33.3547418537636
59.7513567839196,-31.5496845407581,60.7913567839196,-35.4121190062215,60.2713567839196,-33.4809017734898
59.2828140703518,-31.6758444604843,60.3228140703518,-35.5382789259477,59.8028140703518,-33.607061693216
58.8142713567839,-31.8020043802104,59.8542713567839,-35.6644388456739,59.3342713567839,-33.7332216129422
58.3457286432161,-31.9281642999366,59.3857286432161,-35.7905987654001,58.8657286432161,-33.8593815326684
57.8771859296482,-32.0543242196628,58.9171859296482,-35.9167586851263,58.3971859296482,-33.9855414523946
57.4086432160804,-32.180484139389,58.4486432160804,-36.0429186048525,57.9286432160804,-34.1117013721208
56.9401005025126,-32.3066440591152,57.9801005025126,-36.1690785245787,57.4601005025126,-34.237861291847
56.4715577889447,-32.4328039788414,57.5115577889447,-36.2952384443049,56.9915577889447,-34.3640212115731
56.0030150753769,-32.5589638985676,57.0430150753769,-36.4213983640311,56.5230150753769,-34.4901811312993
55.534472361809,-32.6851238182938,56.574472361809,-36.5475582837573,56.054472361809,-34.6163410510255
55.0659296482412,-32.81128373802,56.1059296482412,-36.6737182034835,55.5859296482412,-34.7425009707517
54.5973869346734,-32.9374436577462,55.6373869346734,-36.7998781232096,55.1173869346734,-34.8686608904779
54.1288442211055,-33.0636035774724,55.1688442211055,-36.9260380429358,54.6488442211055,-34.9948208102041
53.6603015075377,-33.1897634971986,54.7003015075377,-37.052197962662,54.1803015075377,-35.1209807299303
53.1917587939698,-33.3159234169248,54.2317587939699,-37.1783578823882,53.7117587939698,-35.2471406496565
52.723216080402,-33.442083336651,53.763216080402,-37.3045178021144,53.243216080402,-35.3733005693827
52.2546733668342,-33.5682432563772,53.2946733668342,-37.4306777218406,52.7746733668342,-35.4994604891089
51.7861306532663,-33.6944031761034,52.8261306532663,-37.5568376415668,52.3061306532663,-35.6256204088351
51.3175879396985,-33.8205630958295,52.3575879396985,-37.682997561293,51.8375879396985,-35.7517803285613
50.8490452261307,-33.9467230155557,51.8890452261307,-37.8091574810192,51.3690452261307,-35.8779402482875
50.3805025125628,-34.0728829352819,51.4205025125628,-37.9353174007454,50.9005025125628,-36.0041001680137
49.911959798995,-34.1990428550081,50.951959798995,-38.0614773204716,50.431959798995,-36.1302600877399
49.4434170854271,-34.3252027747343,50.4834170854271,-38.1876372401978,49.9634170854271,-36.256420007466
48.9748743718593,-34.4513626944605,50.0148743718593,-38.313797159924,49.4948743718593,-36.3825799271922
48.5063316582915,-34.5775226141867,49.5463316582915,-38.4399570796502,49.0263316582915,-36.5087398469184
48.0377889447236,-34.7036825339129,49.0777889447236,-38.5661169993764,48.5577889447236,-36.6348997666446
47.5692462311558,-34.8298424536391,48.6092462311558,-38.6922769191025,48.0892462311558,-36.7610596863708
47.1007035175879,-34.9560023733653,48.1407035175879,-38.8184368388287,47.6207035175879,-36.887219606097
46.6321608040201,-35.0821622930915,47.6721608040201,-38.9445967585549,47.1521608040201,-37.0133795258232
46.1636180904523,-35.2083222128177,47.2036180904523,-39.0707566782811,46.6836180904523,-37.1395394455494
45.6950753768844,-35.3344821325439,46.7350753768844,-39.1969165980073,46.2150753768844,-37.2656993652756
45.2265326633166,-35.4606420522701,46.2665326633166,-39.3230765177335,45.7465326633166,-37.3918592850018
44.7579899497487,-35.5868019719963,45.7979899497487,-39.4492364374597,45.2779899497487,-37.518019204728
44.2894472361809,-35.7129618917224,45.3294472361809,-39.5753963571859,44.8094472361809,-37.6441791244542
43.8209045226131,-35.8391218114486,44.8609045226131,-39.7015562769121,44.3409045226131,-37.7703390441804
43.3523618090452,-35.9652817311748,44.3923618090452,-39.8277161966383,43.8723618090452,-37.8964989639066
42.8838190954774,-36.091441650901,43.9238190954774,-39.9538761163645,43.4038190954774,-38.0226588836328
42.4152763819095,-36.2176015706272,43.4552763819095,-40.0800360360907,42.9352763819095,-38.1488188033589
41.9467336683417,-36.3437614903534,42.9867336683417,-40.2061959558169,42.4667336683417,-38.2749787230851
41.4781909547739,-36.4699214100796,42.5181909547739,-40.3323558755431,41.9981909547739,-38.4011386428113
41.009648241206,-36.5960813298058,42.049648241206,-40.4585157952692,41.529648241206,-38.5272985625375
40.5411055276382,-36.722241249532,41.5811055276382,-40.5846757149954,41.0611055276382,-38.6534584822637
40.0725628140704,-36.8484011692582,41.1125628140703,-40.7108356347216,40.5925628140703,-38.7796184019899
39.6040201005025,-36.9745610889844,40.6440201005025,-40.8369955544478,40.1240201005025,-38.9057783217161
39.1354773869347,-37.1007210087106,40.1754773869347,-40.963155474174,39.6554773869347,-39.0319382414423
38.6669346733668,-37.2268809284368,39.7069346733668,-41.0893153939002,39.1869346733668,-39.1580981611685
38.198391959799,-37.353040848163,39.238391959799,-41.2154753136264,38.718391959799,-39.2842580808947
37.7298492462312,-37.4792007678892,38.7698492462311,-41.3416352333526,38.2498492462312,-39.4104180006209
37.2613065326633,-37.6053606876153,38.3013065326633,-41.4677951530788,37.7813065326633,-39.5365779203471
36.7927638190955,-37.7315206073415,37.8327638190955,-41.593955072805,37.3127638190955,-39.6627378400733
36.3242211055276,-37.8576805270677,37.3642211055276,-41.7201149925312,36.8442211055276,-39.7888977597995
35.8556783919598,-37.9838404467939,36.8956783919598,-41.8462749122574,36.3756783919598,-39.9150576795257
35.387135678392,-38.1100003665201,36.427135678392,-41.9724348319836,35.907135678392,-40.0412175992519
34.9185929648241,-38.2361602862463,35.9585929648241,-42.0985947517098,35.4385929648241,-40.167377518978
34.4500502512563,-38.3623202059725,35.4900502512563,-42.224754671436,34.9700502512563,-40.2935374387042
33.9815075376884,-38.4884801256987,35.0215075376884,-42.3509145911622,34.5015075376884,-40.4196973584304
33.5129648241206,-38.6146400454249,34.5529648241206,-42.4770745108884,34.0329648241206,-40.5458572781566
33.0444221105528,-38.7407999651511,34.0844221105528,-42.6032344306145,33.5644221105528,-40.6720171978828
32.5758793969849,-38.8669598848773,33.6158793969849,-42.7293943503407,33.0958793969849,-40.798177117609
32.1073366834171,-38.9931198046035,33.1473366834171,-42.8555542700669,32.6273366834171,-40.9243370373352
31.6387939698492,-39.1192797243297,32.6787939698493,-42.9817141897931,32.1587939698492,-41.0504969570614
31.1702512562814,-39.2454396440559,32.2102512562814,-43.1078741095193,31.6902512562814,-41.1766568767876
30.7017085427136,-39.3715995637821,31.7417085427136,-43.2340340292455,31.2217085427136,-41.3028167965138
30.2331658291457,-39.4977594835082,31.2731658291457,-43.3601939489717,30.7531658291457,-41.42897671624
29.7646231155779,-39.6239194032344,30.8046231155779,-43.4863538686979,30.2846231155779,-41.5551366359662
29.29608040201,-39.7500793229606,30.3360804020101,-43.6125137884241,29.8160804020101,-41.6812965556924
28.8275376884422,-39.8762392426868,29.8675376884422,-43.7386737081503,29.3475376884422,-41.8074564754186
28.3589949748744,-40.002399162413,29.3989949748744,-43.8648336278765,28.8789949748744,-41.9336163951448
27.8904522613065,-40.1285590821392,28.9304522613065,-43.9909935476027,28.4104522613065,-42.0597763148709
27.4219095477387,-40.2547190018654,28.4619095477387,-44.1171534673289,27.9419095477387,-42.1859362345971
26.9533668341709,-40.3808789215916,27.9933668341709,-44.2433133870551,27.4733668341709,-42.3120961543233
26.484824120603,-40.5070388413178,27.524824120603,-44.3694733067813,27.004824120603,-42.4382560740495
26.0162814070352,-40.633198761044,27.0562814070352,-44.4956332265074,26.5362814070352,-42.5644159937757
25.5477386934673,-40.7593586807702,26.5877386934673,-44.6217931462336,26.0677386934673,-42.6905759135019
25.0791959798995,-40.8855186004964,26.1191959798995,-44.7479530659598,25.5991959798995,-42.8167358332281
24.6106532663317,-41.0116785202226,25.6506532663317,-44.874112985686,25.1306532663317,-42.9428957529543
24.1421105527638,-41.1378384399488,25.1821105527638,-45.0002729054122,24.6621105527638,-43.0690556726805
23.673567839196,-41.263998359675,24.713567839196,-45.1264328251384,24.193567839196,-43.1952155924067
23.2050251256281,-41.3901582794011,24.2450251256281,-45.2525927448646,23.7250251256281,-43.3213755121329
22.7364824120603,-41.5163181991273,23.7764824120603,-45.3787526645908,23.2564824120603,-43.4475354318591
22.2679396984925,-41.6424781188535,23.3079396984925,-45.504912584317,22.7879396984925,-43.5736953515853
21.7993969849246,-41.7686380385797,22.8393969849246,-45.6310725040432,22.3193969849246,-43.6998552713115
21.3308542713568,-41.8947979583059,22.3708542713568,-45.7572324237694,21.8508542713568,-43.8260151910377
20.8623115577889,-42.0209578780321,21.9023115577889,-45.8833923434956,21.3823115577889,-43.9521751107638
20.3937688442211,-42.1471177977583,21.4337688442211,-46.0095522632218,20.9137688442211,-44.07833503049
19.9252261306533,-42.2732777174845,20.9652261306533,-46.135712182948,20.4452261306533,-44.2044949502162
19.4566834170854,-42.3994376372107,20.4966834170854,-46.2618721026742,19.9766834170854,-44.3306548699424
18.9881407035176,-42.5255975569369,20.0281407035176,-46.3880320224003,19.5081407035176,-44.4568147896686
18.5195979899497,-42.6517574766631,19.5595979899498,-46.5141919421265,19.0395979899497,-44.5829747093948
18.0510552763819,-42.7779173963893,19.0910552763819,-46.6403518618527,18.5710552763819,-44.709134629121
17.5825125628141,-42.9040773161155,18.6225125628141,-46.7665117815789,18.1025125628141,-44.8352945488472
17.1139698492462,-43.0302372358417,18.1539698492462,-46.8926717013051,17.6339698492462,-44.9614544685734
16.6454271356784,-43.1563971555679,17.6854271356784,-47.0188316210313,17.1654271356784,-45.0876143882996
16.1768844221105,-43.2825570752941,17.2168844221106,-47.1449915407575,16.6968844221105,-45.2137743080258
15.7083417085427,-43.4087169950202,16.7483417085427,-47.2711514604837,16.2283417085427,-45.339934227752
15.2397989949749,-43.5348769147464,16.2797989949749,-47.3973113802099,15.7597989949749,-45.4660941474782
14.771256281407,-43.6610368344726,15.811256281407,-47.5234712999361,15.291256281407,-45.5922540672044
14.3027135678392,-43.7871967541988,15.3427135678392,-47.6496312196623,14.8227135678392,-45.7184139869305
13.8341708542713,-43.913356673925,14.8741708542714,-47.7757911393885,14.3541708542714,-45.8445739066567
13.3656281407035,-44.0395165936512,14.4056281407035,-47.9019510591147,13.8856281407035,-45.9707338263829
12.8970854271357,-44.1656765133774,13.9370854271357,-48.0281109788409,13.4170854271357,-46.0968937461091
12.4285427135678,-44.2918364331036,13.4685427135678,-48.154270898567,12.9485427135678,-46.2230536658353
11.96,-44.4179963528298,13,-48.2804308182932,12.48,-46.3492135855615
